{
  "ext/fragment/Justification.fragment.xml": 1758005415238,
  "ext/fragment/WorkflowHistory.js": 1758018460330,
  "ext/fragment/Justification.js": 1758005415238,
  "ext/fragment/Attachments.js": 1758005387942,
  "manifest.json": 1758018634602,
  "Component.js": 1757933432272,
  "ext/fragment/WorkflowHistory-dbg.js": 1758018460330,
  "ext/fragment/WorkflowHistory.js.map": 1758115725579,
  "ext/fragment/Justification-dbg.js": 1758005415238,
  "ext/fragment/Justification.js.map": 1758115725577,
  "ext/fragment/Attachments-dbg.js": 1758005387942,
  "ext/fragment/Attachments.js.map": 1758115725576,
  "Component-dbg.js": 1757933432272,
  "Component.js.map": 1758115725577,
  "Component-preload.js": 1758115725649,
  "Component-preload.js.map": 1758115725649,
  "ext/fragment/WorkflowHistory.fragment.xml": 1758088795842,
  "i18n/i18n.properties": 1757933438300,
  "ext/fragment/Attachments.fragment.xml": 1758005387942,
  "index.html": 1757933432276
}