{
  "ext/fragment/Attachments.fragment.xml": 1758363623144,
  "manifest.json": 1759489240274,
  "ext/fragment/Justification.js": 1758362771387,
  "ext/fragment/Attachments.js": 1758361009480,
  "ext/controller/ObjectPage.controller.js": 1758566597307,
  "ext/controller/Approve.js": 1758627377497,
  "ext/fragment/WorkflowHistory.js": 1758018460330,
  "Component.js": 1757933432272,
  "ext/fragment/Justification-dbg.js": 1758362771387,
  "ext/fragment/Justification.js.map": 1759814566138,
  "ext/fragment/Attachments-dbg.js": 1758361009480,
  "ext/fragment/Attachments.js.map": 1759814566123,
  "ext/controller/ObjectPage-dbg.controller.js": 1758566597307,
  "ext/controller/ObjectPage.controller.js.map": 1759814566136,
  "ext/controller/Approve-dbg.js": 1758627377497,
  "ext/controller/Approve.js.map": 1759814566143,
  "ext/fragment/WorkflowHistory-dbg.js": 1758018460330,
  "ext/fragment/WorkflowHistory.js.map": 1759814566125,
  "Component-dbg.js": 1757933432272,
  "Component.js.map": 1759814566138,
  "Component-preload.js": 1759814566259,
  "Component-preload.js.map": 1759814566259,
  "ext/fragment/WorkflowHistory.fragment.xml": 1758088795842,
  "ext/fragment/Justification1.fragment.xml": 1758606979217,
  "ext/fragment/Justification.fragment.xml": 1758538149358,
  "i18n/i18n.properties": 1757933438300,
  "index.html": 1757933432276
}