{
  "ext/fragment/WorkflowHistory-dbg.js": 1758018460330,
  "Component.js": 1757933432272,
  "ext/fragment/Justification.js": 1758362771387,
  "ext/fragment/Attachments.js": 1758361009480,
  "ext/controller/ObjectPage.controller.js": 1758566597307,
  "ext/controller/Approve.js": 1758627377497,
  "manifest.json": 1758606362112,
  "ext/fragment/WorkflowHistory.js": 1758018460330,
  "i18n/i18n.properties": 1757933438300,
  "ext/fragment/WorkflowHistory.js.map": 1758707750073,
  "ext/fragment/Justification-dbg.js": 1758362771387,
  "ext/fragment/Justification.js.map": 1758707750077,
  "ext/fragment/Attachments-dbg.js": 1758361009480,
  "ext/fragment/Attachments.js.map": 1758707750082,
  "ext/controller/ObjectPage-dbg.controller.js": 1758566597307,
  "ext/controller/ObjectPage.controller.js.map": 1758707750079,
  "ext/controller/Approve-dbg.js": 1758627377497,
  "ext/controller/Approve.js.map": 1758707750085,
  "Component-dbg.js": 1757933432272,
  "Component.js.map": 1758707750079,
  "Component-preload.js": 1758707750213,
  "Component-preload.js.map": 1758707750213,
  "ext/fragment/WorkflowHistory.fragment.xml": 1758088795842,
  "ext/fragment/Justification1.fragment.xml": 1758606979217,
  "ext/fragment/Justification.fragment.xml": 1758538149358,
  "ext/fragment/Attachments.fragment.xml": 1758363623144,
  "index.html": 1757933432276
}