{
  "ext/fragment/Attachments.js": 1761041648988,
  "ext/fragment/Justification.js": 1758344315339,
  "ext/fragment/WorkflowHistory.js": 1758018264457,
  "ext/fragment/Attachments1.js": 1760087600925,
  "i18n/i18n.properties": 1757933245360,
  "ext/controller/Vendordataobjpage.controller.js": 1760521482417,
  "ext/controller/SendForApproval.js": 1760524483893,
  "ext/controller/Nfaformobjectpage.controller.js": 1758537161181,
  "manifest.json": 1761212828980,
  "Component.js": 1757933216004,
  "ext/controller/Vendordataobjpage-dbg.controller.js": 1760521482417,
  "ext/controller/Vendordataobjpage.controller.js.map": 1761213183377,
  "ext/fragment/WorkflowHistory-dbg.js": 1758018264457,
  "ext/fragment/WorkflowHistory.js.map": 1761213183347,
  "ext/fragment/Attachments1-dbg.js": 1760087600925,
  "ext/fragment/Attachments1.js.map": 1761213183369,
  "ext/fragment/Attachments-dbg.js": 1761041648988,
  "ext/fragment/Attachments.js.map": 1761213183360,
  "ext/fragment/Justification-dbg.js": 1758344315339,
  "ext/fragment/Justification.js.map": 1761213183354,
  "ext/controller/SendForApproval-dbg.js": 1760524483893,
  "ext/controller/SendForApproval.js.map": 1761213183368,
  "ext/controller/Nfaformobjectpage-dbg.controller.js": 1758537161181,
  "ext/controller/Nfaformobjectpage.controller.js.map": 1761213183366,
  "Component-dbg.js": 1757933216004,
  "Component.js.map": 1761213183368,
  "Component-preload.js": 1761213183484,
  "Component-preload.js.map": 1761213183484,
  "ext/fragment/WorkflowHistory.fragment.xml": 1758018311142,
  "ext/fragment/Justification.fragment.xml": 1758621241244,
  "ext/fragment/Attachments1.fragment.xml": 1758229290005,
  "ext/fragment/Attachments.fragment.xml": 1759928981461,
  "index.html": 1761040103859
}