{
  "Component-dbg.js": 1757933216004,
  "ext/fragment/Justification.js": 1758005283829,
  "ext/fragment/WorkflowHistory.js": 1758018264457,
  "ext/fragment/Attachments.js": 1758115512293,
  "ext/controller/Nfaformobjectpage.controller.js": 1758113417530,
  "manifest.json": 1758107782919,
  "Component.js": 1757933216004,
  "ext/controller/Nfaformobjectpage-dbg.controller.js": 1758113417530,
  "ext/controller/Nfaformobjectpage.controller.js.map": 1758115722727,
  "ext/fragment/WorkflowHistory-dbg.js": 1758018264457,
  "ext/fragment/WorkflowHistory.js.map": 1758115722721,
  "ext/fragment/Attachments-dbg.js": 1758115512293,
  "ext/fragment/Attachments.js.map": 1758115722733,
  "ext/fragment/Justification-dbg.js": 1758005283829,
  "ext/fragment/Justification.js.map": 1758115722725,
  "i18n/i18n.properties": 1757933245360,
  "Component.js.map": 1758115722725,
  "Component-preload.js": 1758115722814,
  "Component-preload.js.map": 1758115722814,
  "ext/fragment/WorkflowHistory.fragment.xml": 1758018311142,
  "ext/fragment/Justification.fragment.xml": 1758005283829,
  "ext/fragment/Attachments.fragment.xml": 1758114625200,
  "index.html": 1757933216004
}