{
  "ext/controller/SendForApproval.js.map": 1759814561737,
  "ext/fragment/WorkflowHistory.js": 1758018264457,
  "ext/fragment/Justification.js": 1758344315339,
  "ext/fragment/Attachments1.js": 1758229031655,
  "ext/fragment/Attachments.js": 1758115512293,
  "ext/controller/Vendordataobjpage.controller.js": 1758454770287,
  "ext/controller/SendForApproval.js": 1758539309611,
  "ext/controller/Nfaformobjectpage.controller.js": 1758537161181,
  "manifest.json": 1759489050245,
  "Component.js": 1757933216004,
  "ext/controller/Vendordataobjpage-dbg.controller.js": 1758454770287,
  "ext/controller/Vendordataobjpage.controller.js.map": 1759814561709,
  "ext/fragment/Justification-dbg.js": 1758344315339,
  "ext/fragment/Justification.js.map": 1759814561716,
  "ext/fragment/Attachments1-dbg.js": 1758229031655,
  "ext/fragment/Attachments1.js.map": 1759814561745,
  "ext/fragment/Attachments-dbg.js": 1758115512293,
  "ext/fragment/Attachments.js.map": 1759814561733,
  "ext/fragment/WorkflowHistory-dbg.js": 1758018264457,
  "ext/fragment/WorkflowHistory.js.map": 1759814561716,
  "ext/controller/SendForApproval-dbg.js": 1758539309611,
  "i18n/i18n.properties": 1757933245360,
  "ext/controller/Nfaformobjectpage-dbg.controller.js": 1758537161181,
  "ext/controller/Nfaformobjectpage.controller.js.map": 1759814561745,
  "Component-dbg.js": 1757933216004,
  "Component.js.map": 1759814561737,
  "Component-preload.js": 1759814561998,
  "Component-preload.js.map": 1759814561998,
  "ext/fragment/WorkflowHistory.fragment.xml": 1758018311142,
  "ext/fragment/Justification.fragment.xml": 1758621241244,
  "ext/fragment/Attachments1.fragment.xml": 1758229290005,
  "ext/fragment/Attachments.fragment.xml": 1758114625200,
  "index.html": 1757933216004
}