{
  "ext/fragment/Attachments.fragment.xml": 1758363623144,
  "ext/controller/ObjectPage.controller.js": 1760527143414,
  "ext/fragment/Justification.js": 1758362771387,
  "ext/fragment/Attachments.js": 1758361009480,
  "ext/fragment/WorkflowHistory.js": 1758018460330,
  "ext/controller/Approve.js": 1760524777292,
  "manifest.json": 1759489240274,
  "Component.js": 1757933432272,
  "ext/fragment/Attachments-dbg.js": 1758361009480,
  "ext/fragment/Attachments.js.map": 1761213186540,
  "ext/fragment/Justification-dbg.js": 1758362771387,
  "ext/fragment/Justification.js.map": 1761213186530,
  "ext/controller/ObjectPage-dbg.controller.js": 1760527143414,
  "ext/controller/ObjectPage.controller.js.map": 1761213186532,
  "ext/fragment/WorkflowHistory-dbg.js": 1758018460330,
  "ext/fragment/WorkflowHistory.js.map": 1761213186529,
  "ext/controller/Approve-dbg.js": 1760524777292,
  "ext/controller/Approve.js.map": 1761213186540,
  "Component-dbg.js": 1757933432272,
  "Component.js.map": 1761213186531,
  "Component-preload.js": 1761213186632,
  "Component-preload.js.map": 1761213186632,
  "ext/fragment/WorkflowHistory.fragment.xml": 1758088795842,
  "ext/fragment/Justification1.fragment.xml": 1758606979217,
  "ext/fragment/Justification.fragment.xml": 1758538149358,
  "i18n/i18n.properties": 1757933438300,
  "index.html": 1757933432276
}